"Table ID","Country or Area Code","Country or Area","Year","Value","Value Footnotes","Unit"
"163","8","Albania","2015","87","","%"
"163","8","Albania","2014","83","","%"
"163","8","Albania","2012","77","","%"
"163","12","Algeria","2015","90","","%"
"163","12","Algeria","2014","90","","%"
"163","12","Algeria","2013","90","","%"
"163","12","Algeria","2012","90","","%"
"163","12","Algeria","2011","87","","%"
"163","12","Algeria","2010","86","","%"
"163","12","Algeria","2009","79","","%"
"163","12","Algeria","2008","77.5","","%"
"163","12","Algeria","2007","74","","%"
"163","12","Algeria","2006","72","","%"
"163","12","Algeria","2005","72","","%"
"163","12","Algeria","2004","72","","%"
"163","12","Algeria","2003","71","","%"
"163","12","Algeria","2002","71","","%"
"163","12","Algeria","2001","71","","%"
"163","12","Algeria","2000","83","","%"
"163","12","Algeria","1998","66.3399963378906","","%"
"163","12","Algeria","1995","55.7299995422363","","%"
"163","12","Algeria","1990","48.3199996948242","","%"
"163","20","Andorra","2015","100","","%"
"163","20","Andorra","2014","100","","%"
"163","20","Andorra","2013","100","","%"
"163","20","Andorra","2012","100","","%"
"163","20","Andorra","2011","100","","%"
"163","20","Andorra","2010","100","","%"
"163","20","Andorra","2009","100","","%"
"163","20","Andorra","2008","100","","%"
"163","20","Andorra","2007","100","","%"
"163","20","Andorra","2006","100","","%"
"163","20","Andorra","2005","100","","%"
"163","20","Andorra","2004","100","","%"
"163","20","Andorra","2003","100","","%"
"163","20","Andorra","2002","100","","%"
"163","20","Andorra","2001","100","","%"
"163","20","Andorra","2000","100","","%"
"163","20","Andorra","1999","100","","%"
"163","32","Argentina","2010","50.2099990844727","","%"
"163","32","Argentina","2001","42.5","","%"
"163","51","Armenia","2015","69.9000015258789","","%"
"163","51","Armenia","2014","68.5","","%"
"163","51","Armenia","2013","69.6999969482422","","%"
"163","51","Armenia","2012","68","","%"
"163","51","Armenia","2011","69.5999984741211","","%"
"163","51","Armenia","2010","69.1999969482422","","%"
"163","51","Armenia","2009","69.0999984741211","","%"
"163","51","Armenia","2008","66.6999969482422","","%"
"163","51","Armenia","2007","67","","%"
"163","51","Armenia","2006","66.0999984741211","","%"
"163","51","Armenia","2005","65.0999984741211","","%"
"163","51","Armenia","2004","61.5999984741211","","%"
"163","51","Armenia","2003","60.2000007629395","","%"
"163","51","Armenia","2002","58.7999992370605","","%"
"163","51","Armenia","2001","62.7999992370605","","%"
"163","51","Armenia","2000","63.2999992370605","","%"
"163","51","Armenia","1999","63.5999984741211","","%"
"163","51","Armenia","1998","63.7000007629395","","%"
"163","51","Armenia","1997","64","","%"
"163","51","Armenia","1996","64.0999984741211","","%"
"163","51","Armenia","1995","65.6999969482422","","%"
"163","51","Armenia","1990","67.5999984741211","","%"
"163","36","Australia","2004","87","","%"
"163","36","Australia","2001","90","","%"
"163","40","Austria","2014","95","","%"
"163","40","Austria","2012","94.5","","%"
"163","40","Austria","2010","93.9000015258789","","%"
"163","40","Austria","2008","92.6999969482422","","%"
"163","40","Austria","2006","91.8000030517578","","%"
"163","40","Austria","2004","89","","%"
"163","40","Austria","2003","88.9000015258789","","%"
"163","40","Austria","2002","86","","%"
"163","40","Austria","2001","86","","%"
"163","40","Austria","2000","85.4000015258789","","%"
"163","40","Austria","1998","81","","%"
"163","40","Austria","1995","75.6999969482422","","%"
"163","40","Austria","1993","75.6999969482422","","%"
"163","40","Austria","1992","72","","%"
"163","40","Austria","1991","72","","%"
"163","40","Austria","1990","72","","%"
"163","31","Azerbaijan","2015","32.4000015258789","","%"
"163","31","Azerbaijan","2014","32.2999992370605","","%"
"163","31","Azerbaijan","2013","32.2000007629395","","%"
"163","31","Azerbaijan","2012","32.0999984741211","","%"
"163","31","Azerbaijan","2011","31.5","","%"
"163","31","Azerbaijan","2010","31.2999992370605","","%"
"163","31","Azerbaijan","2009","31.2999992370605","","%"
"163","31","Azerbaijan","2008","30.7999992370605","","%"
"163","31","Azerbaijan","2007","30.7999992370605","","%"
"163","31","Azerbaijan","2006","30.2000007629395","","%"
"163","31","Azerbaijan","2005","30.2000007629395","","%"
"163","31","Azerbaijan","2004","30","","%"
"163","31","Azerbaijan","2003","30","","%"
"163","48","Bahrain","2015","88","","%"
"163","48","Bahrain","2014","90","","%"
"163","48","Bahrain","2013","87","","%"
"163","48","Bahrain","2012","87","","%"
"163","48","Bahrain","2011","88","","%"
"163","48","Bahrain","2010","81","","%"
"163","48","Bahrain","2009","77","","%"
"163","48","Bahrain","2008","65","","%"
"163","48","Bahrain","2007","66","","%"
"163","48","Bahrain","2006","67","","%"
"163","48","Bahrain","2005","70","","%"
"163","48","Bahrain","2004","71","","%"
"163","48","Bahrain","2003","79","","%"
"163","48","Bahrain","2002","77","","%"
"163","48","Bahrain","2001","75","","%"
"163","48","Bahrain","2000","74","","%"
"163","48","Bahrain","1999","71","","%"
"163","48","Bahrain","1998","69","","%"
"163","48","Bahrain","1997","66","","%"
"163","48","Bahrain","1996","65","","%"
"163","48","Bahrain","1995","64","","%"
"163","48","Bahrain","1990","58","","%"
"163","50","Bangladesh","2015","21.7399997711182","1","%"
"163","56","Belgium","2013","91.4000015258789","","%"
"163","56","Belgium","2012","88.5699996948242","","%"
"163","56","Belgium","2011","84.4300003051758","","%"
"163","56","Belgium","2010","82.2300033569336","","%"
"163","56","Belgium","2009","88.5","","%"
"163","56","Belgium","2008","88.1999969482422","2","%"
"163","56","Belgium","2007","87.4000015258789","2","%"
"163","56","Belgium","2006","85.3000030517578","2","%"
"163","56","Belgium","2005","84","2","%"
"163","56","Belgium","2004","83.5","","%"
"163","56","Belgium","2003","81.9000015258789","","%"
"163","56","Belgium","2002","79.8000030517578","","%"
"163","56","Belgium","2001","79.8000030517578","","%"
"163","56","Belgium","2000","79.0999984741211","","%"
"163","56","Belgium","1999","81.3000030517578","","%"
"163","56","Belgium","1998","82.4000015258789","","%"
"163","56","Belgium","1997","81.1999969482422","","%"
"163","56","Belgium","1996","81.0999984741211","","%"
"163","56","Belgium","1995","81","","%"
"163","84","Belize","2010","60.3730010986328","","%"
"163","84","Belize","2000","15.1000003814697","","%"
"163","68","Bolivia (Plurinational State of)","2014","50.9213638305664","3","%"
"163","68","Bolivia (Plurinational State of)","2013","60.2533226013184","3","%"
"163","68","Bolivia (Plurinational State of)","2012","55.1990509033203","3","%"
"163","68","Bolivia (Plurinational State of)","2011","48.1069755554199","3","%"
"163","68","Bolivia (Plurinational State of)","2009","41.7925033569336","","%"
"163","68","Bolivia (Plurinational State of)","2008","45.0609169006348","","%"
"163","68","Bolivia (Plurinational State of)","2007","37.7384605407715","","%"
"163","68","Bolivia (Plurinational State of)","2006","31.9160251617432","","%"
"163","68","Bolivia (Plurinational State of)","2005","36.4000015258789","","%"
"163","68","Bolivia (Plurinational State of)","2003","31.3618469238281","4","%"
"163","68","Bolivia (Plurinational State of)","2002","30.8999996185303","","%"
"163","68","Bolivia (Plurinational State of)","2001","31.0564060211182","","%"
"163","68","Bolivia (Plurinational State of)","2000","34.5877876281738","","%"
"163","68","Bolivia (Plurinational State of)","1999","32.4739837646484","","%"
"163","68","Bolivia (Plurinational State of)","1998","34.4767723083496","","%"
"163","68","Bolivia (Plurinational State of)","1997","28.5734748840332","","%"
"163","68","Bolivia (Plurinational State of)","1996","25.3351058959961","","%"
"163","70","Bosnia and Herzegovina","2015","31","5","%"
"163","70","Bosnia and Herzegovina","2014","30","5","%"
"163","70","Bosnia and Herzegovina","2013","29","5","%"
"163","70","Bosnia and Herzegovina","2012","28","5","%"
"163","70","Bosnia and Herzegovina","2011","27","5","%"
"163","70","Bosnia and Herzegovina","2010","26","5","%"
"163","70","Bosnia and Herzegovina","2009","25","5","%"
"163","70","Bosnia and Herzegovina","2008","24","5","%"
"163","70","Bosnia and Herzegovina","2007","21","5","%"
"163","70","Bosnia and Herzegovina","2006","21","5","%"
"163","70","Bosnia and Herzegovina","2005","20","5","%"
"163","70","Bosnia and Herzegovina","2004","20","5","%"
"163","70","Bosnia and Herzegovina","2003","18","5","%"
"163","70","Bosnia and Herzegovina","2002","17","5","%"
"163","70","Bosnia and Herzegovina","2001","16","5","%"
"163","70","Bosnia and Herzegovina","2000","15","5","%"
"163","76","Brazil","2015","57.1100006103516","","%"
"163","76","Brazil","2014","55.8199996948242","","%"
"163","76","Brazil","2013","56.0499992370605","","%"
"163","76","Brazil","2012","54.939998626709","","%"
"163","76","Brazil","2011","52.8499984741211","","%"
"163","76","Brazil","2009","50.3600006103516","","%"
"163","76","Brazil","2008","50.2400016784668","","%"
"163","76","Brazil","2007","48.5499992370605","","%"
"163","76","Brazil","2006","45.8600006103516","","%"
"163","76","Brazil","2005","45.5","","%"
"163","76","Brazil","2004","45.3600006103516","","%"
"163","92","British Virgin Islands","2001","24.5","","%"
"163","92","British Virgin Islands","1991","17.1000003814697","","%"
"163","96","Brunei Darussalam","2011","90","","%"
"163","96","Brunei Darussalam","2004","88","","%"
"163","100","Bulgaria","2015","75.5","","%"
"163","100","Bulgaria","2014","74.879997253418","","%"
"163","100","Bulgaria","2013","74.6999969482422","","%"
"163","100","Bulgaria","2012","74.3399963378906","","%"
"163","100","Bulgaria","2011","74.0800018310547","","%"
"163","100","Bulgaria","2010","70.6100006103516","","%"
"163","100","Bulgaria","2009","70.4000015258789","","%"
"163","100","Bulgaria","2008","70","","%"
"163","100","Bulgaria","2007","69.6999969482422","","%"
"163","100","Bulgaria","2006","69.4000015258789","","%"
"163","100","Bulgaria","2005","69","","%"
"163","100","Bulgaria","2004","68.6999969482422","","%"
"163","100","Bulgaria","2003","68.5999984741211","","%"
"163","100","Bulgaria","2002","68.4000015258789","","%"
"163","100","Bulgaria","2001","67.9000015258789","","%"
"163","100","Bulgaria","2000","66.6999969482422","","%"
"163","100","Bulgaria","1999","66.5","","%"
"163","100","Bulgaria","1998","66.5","","%"
"163","100","Bulgaria","1997","66.5","","%"
"163","100","Bulgaria","1996","66.5","","%"
"163","100","Bulgaria","1995","66.5","","%"
"163","100","Bulgaria","1994","66.5","","%"
"163","100","Bulgaria","1993","66.5","","%"
"163","132","Cabo Verde","2015","20.8999996185303","6","%"
"163","132","Cabo Verde","2014","19.7999992370605","6","%"
"163","132","Cabo Verde","2013","20.7000007629395","6","%"
"163","132","Cabo Verde","2012","19.5","6","%"
"163","132","Cabo Verde","2010","17.2999992370605","6","%"
"163","124","Canada","2009","87.0999984741211","7","%"
"163","124","Canada","2006","87.8000030517578","","%"
"163","124","Canada","2004","90.0999984741211","","%"
"163","124","Canada","1999","74.3000030517578","2","%"
"163","124","Canada","1996","74.0999984741211","2","%"
"163","124","Canada","1994","72.9000015258789","","%"
"163","124","Canada","1991","73.0999984741211","2","%"
"163","152","Chile","2015","99.8499984741211","","%"
"163","152","Chile","2014","99.9300003051758","","%"
"163","152","Chile","2013","99.9300003051758","","%"
"163","152","Chile","2012","100","","%"
"163","152","Chile","2011","96.1399993896484","","%"
"163","152","Chile","2010","95.9000015258789","","%"
"163","152","Chile","2009","95.5999984741211","2","%"
"163","152","Chile","2008","95.3000030517578","2","%"
"163","152","Chile","2007","95.1999969482422","2","%"
"163","152","Chile","2006","95.2799987792969","2","%"
"163","152","Chile","2005","94.9800033569336","2","%"
"163","152","Chile","2000","93.3000030517578","","%"
"163","156","China","2004","45.6699981689453","","%"
"163","156","China","2003","42.3899993896484","","%"
"163","156","China","2002","39.9700012207031","","%"
"163","156","China","2001","36.4300003051758","","%"
"163","156","China","2000","34.25","","%"
"163","156","China","1999","31.9300003051758","","%"
"163","156","China","1995","19.6900005340576","","%"
"163","344","China, Hong Kong Special Administrative Region","2015","93.5","","%"
"163","344","China, Hong Kong Special Administrative Region","2014","93.0999984741211","","%"
"163","344","China, Hong Kong Special Administrative Region","2013","93.4000015258789","","%"
"163","344","China, Hong Kong Special Administrative Region","2012","93.3000030517578","","%"
"163","344","China, Hong Kong Special Administrative Region","2011","93.6999969482422","","%"
"163","344","China, Hong Kong Special Administrative Region","2010","93.5999984741211","","%"
"163","344","China, Hong Kong Special Administrative Region","2009","93.2300033569336","","%"
"163","344","China, Hong Kong Special Administrative Region","2008","93.2600021362305","","%"
"163","344","China, Hong Kong Special Administrative Region","2007","93.2200012207031","","%"
"163","344","China, Hong Kong Special Administrative Region","2006","93.1699981689453","","%"
"163","344","China, Hong Kong Special Administrative Region","2005","92.9300003051758","","%"
"163","344","China, Hong Kong Special Administrative Region","2004","92.3300018310547","","%"
"163","344","China, Hong Kong Special Administrative Region","2003","94.6100006103516","","%"
"163","344","China, Hong Kong Special Administrative Region","2002","94.1999969482422","","%"
"163","344","China, Hong Kong Special Administrative Region","2001","94.8300018310547","","%"
"163","344","China, Hong Kong Special Administrative Region","2000","92.7200012207031","","%"
"163","344","China, Hong Kong Special Administrative Region","1999","91.2600021362305","","%"
"163","446","China, Macao Special Administrative Region","2015","100","","%"
"163","446","China, Macao Special Administrative Region","2014","100","","%"
"163","446","China, Macao Special Administrative Region","2013","100","","%"
"163","446","China, Macao Special Administrative Region","2012","100","","%"
"163","446","China, Macao Special Administrative Region","2011","100","","%"
"163","446","China, Macao Special Administrative Region","1996","99.9000015258789","","%"
"163","446","China, Macao Special Administrative Region","1995","99.9000015258789","","%"
"163","170","Colombia","2014","86.5","","%"
"163","170","Colombia","2013","86.1999969482422","","%"
"163","170","Colombia","2012","85.8000030517578","","%"
"163","170","Colombia","2010","84.3000030517578","","%"
"163","170","Colombia","2009","83.9000015258789","","%"
"163","170","Colombia","2008","86.0999984741211","","%"
"163","170","Colombia","2007","85.1999969482422","","%"
"163","170","Colombia","2005","88.9000015258789","","%"
"163","170","Colombia","2004","87.6999969482422","","%"
"163","170","Colombia","2003","69.9700012207031","","%"
"163","188","Costa Rica","2015","21.2600002288818","","%"
"163","188","Costa Rica","2014","21.1200008392334","","%"
"163","188","Costa Rica","2013","26.5900001525879","","%"
"163","188","Costa Rica","2012","24.5400009155273","","%"
"163","188","Costa Rica","2011","25.5599994659424","","%"
"163","188","Costa Rica","2010","24.1399993896484","","%"
"163","188","Costa Rica","2009","25.1700000762939","","%"
"163","188","Costa Rica","2008","24.8999996185303","","%"
"163","191","Croatia","2015","54.5999984741211","","%"
"163","191","Croatia","2014","54.5999984741211","","%"
"163","191","Croatia","2013","54.5999984741211","","%"
"163","191","Croatia","2012","54.5999984741211","","%"
"163","191","Croatia","2011","54.5999984741211","","%"
"163","192","Cuba","2015","36.2999992370605","","%"
"163","192","Cuba","2014","35.9000015258789","","%"
"163","192","Cuba","2013","35.9000015258789","","%"
"163","192","Cuba","2012","35.7999992370605","","%"
"163","192","Cuba","2011","34.7999992370605","","%"
"163","192","Cuba","2010","35.7000007629395","","%"
"163","192","Cuba","2009","35.9000015258789","","%"
"163","192","Cuba","2008","37.0999984741211","","%"
"163","192","Cuba","2007","37.0999984741211","","%"
"163","192","Cuba","2006","36.7999992370605","","%"
"163","192","Cuba","2005","38.7999992370605","","%"
"163","192","Cuba","2004","38.7999992370605","","%"
"163","196","Cyprus","2005","29.7999992370605","","%"
"163","196","Cyprus","2004","28.3999996185303","","%"
"163","196","Cyprus","2003","23","","%"
"163","196","Cyprus","2002","18.2999992370605","","%"
"163","196","Cyprus","2001","15.8999996185303","","%"
"163","196","Cyprus","2000","14.3000001907349","","%"
"163","196","Cyprus","1999","13.3000001907349","","%"
"163","196","Cyprus","1998","12.8000001907349","","%"
"163","196","Cyprus","1997","12","","%"
"163","196","Cyprus","1996","11.1999998092651","","%"
"163","196","Cyprus","1995","8.10000038146973","","%"
"163","196","Cyprus","1994","6.80000019073486","","%"
"163","196","Cyprus","1993","6.69999980926514","","%"
"163","196","Cyprus","1992","6.40000009536743","","%"
"163","203","Czechia","2015","85.1999969482422","","%"
"163","203","Czechia","2014","85.3000030517578","","%"
"163","203","Czechia","2013","84.6999969482422","","%"
"163","203","Czechia","2012","83","","%"
"163","203","Czechia","2011","83.4000015258789","","%"
"163","203","Czechia","2010","82.3000030517578","","%"
"163","203","Czechia","2009","81.0999984741211","","%"
"163","203","Czechia","2008","81.0999984741211","","%"
"163","203","Czechia","2007","78.5999984741211","","%"
"163","203","Czechia","2006","77.4000015258789","","%"
"163","203","Czechia","2005","76.6999969482422","","%"
"163","203","Czechia","2004","75.5","2","%"
"163","203","Czechia","2003","75.3000030517578","2","%"
"163","203","Czechia","2002","75.3000030517578","2","%"
"163","203","Czechia","2001","72.5","2","%"
"163","203","Czechia","2000","72.4000015258789","2","%"
"163","203","Czechia","1999","64.4000015258789","","%"
"163","203","Czechia","1998","64","","%"
"163","203","Czechia","1997","62","","%"
"163","203","Czechia","1996","60","","%"
"163","203","Czechia","1995","58","","%"
"163","203","Czechia","1994","57","","%"
"163","203","Czechia","1993","54","","%"
"163","203","Czechia","1992","53","","%"
"163","203","Czechia","1991","53","","%"
"163","203","Czechia","1990","53","","%"
"163","208","Denmark","2014","91","2","%"
"163","208","Denmark","2013","90.8000030517578","","%"
"163","208","Denmark","2012","90.6999969482422","","%"
"163","208","Denmark","2011","90.6999969482422","","%"
"163","208","Denmark","2010","90.3000030517578","","%"
"163","208","Denmark","2009","89.6999969482422","","%"
"163","208","Denmark","2000","87.8000030517578","","%"
"163","212","Dominica","2005","23","","%"
"163","214","Dominican Republic","2000","31.3999996185303","","%"
"163","218","Ecuador","2012","65.5100021362305","","%"
"163","218","Ecuador","2011","63.4199981689453","","%"
"163","218","Ecuador","2010","58.8199996948242","","%"
"163","218","Ecuador","2009","57.6300010681152","","%"
"163","218","Ecuador","2008","57.5499992370605","","%"
"163","218","Ecuador","2007","55.1800003051758","","%"
"163","218","Ecuador","2006","52.560001373291","","%"
"163","218","Ecuador","2005","52.9700012207031","","%"
"163","222","El Salvador","2012","47.1100006103516","","%"
"163","222","El Salvador","2011","47.3800010681152","","%"
"163","222","El Salvador","2010","47.1399993896484","","%"
"163","222","El Salvador","2009","47.4900016784668","","%"
"163","222","El Salvador","2008","47.8899993896484","","%"
"163","222","El Salvador","2007","51.2700004577637","","%"
"163","233","Estonia","2014","82","2","%"
"163","233","Estonia","2013","82.4000015258789","","%"
"163","233","Estonia","2012","82.6999969482422","","%"
"163","233","Estonia","2011","82.1999969482422","","%"
"163","233","Estonia","2010","81.5999984741211","","%"
"163","233","Estonia","2009","81","","%"
"163","233","Estonia","2008","81","","%"
"163","233","Estonia","2007","75","","%"
"163","233","Estonia","2006","75","","%"
"163","233","Estonia","2005","75","","%"
"163","233","Estonia","2004","73","","%"
"163","233","Estonia","2003","71","2","%"
"163","233","Estonia","2002","71","2","%"
"163","233","Estonia","2001","70","2","%"
"163","233","Estonia","2000","70","2","%"
"163","246","Finland","2013","83","2","%"
"163","246","Finland","2012","83","2","%"
"163","246","Finland","2011","83","2","%"
"163","246","Finland","2010","83","","%"
"163","246","Finland","2002","81","2","%"
"163","246","Finland","2001","81","2","%"
"163","246","Finland","2000","80","2","%"
"163","250","France","2014","82.0999984741211","","%"
"163","250","France","2013","82.0999984741211","2","%"
"163","250","France","2012","82","2","%"
"163","250","France","2011","82","2","%"
"163","250","France","2010","82","","%"
"163","250","France","2004","82.4000015258789","2","%"
"163","250","France","2001","81.5","2","%"
"163","254","French Guiana","2004","46.9000015258789","","%"
"163","254","French Guiana","2001","49.2000007629395","","%"
"163","254","French Guiana","1998","12.1000003814697","","%"
"163","276","Germany","2013","96.1579971313477","","%"
"163","276","Germany","2012","96.0070037841797","2","%"
"163","276","Germany","2011","95.8560028076172","2","%"
"163","276","Germany","2010","95.7030029296875","","%"
"163","276","Germany","2007","97.0999984741211","","%"
"163","276","Germany","2004","95.3000030517578","","%"
"163","276","Germany","2001","94.5","","%"
"163","276","Germany","1998","92.6999969482422","","%"
"163","276","Germany","1995","91.9000015258789","","%"
"163","276","Germany","1991","87.0999984741211","","%"
"163","300","Greece","2014","92.8300018310547","","%"
"163","300","Greece","2013","92.8300018310547","","%"
"163","300","Greece","2011","88.0999984741211","","%"
"163","300","Greece","2010","87.3000030517578","","%"
"163","300","Greece","2009","87.3000030517578","","%"
"163","300","Greece","2007","85","","%"
"163","312","Guadeloupe","2004","39.2999992370605","","%"
"163","312","Guadeloupe","2001","40.5","","%"
"163","320","Guatemala","2011","44.4000015258789","","%"
"163","320","Guatemala","2006","65.1999969482422","","%"
"163","320","Guatemala","2002","41.9000015258789","","%"
"163","320","Guatemala","1995","29.5","","%"
"163","324","Guinea","2009","11","8","%"
"163","324","Guinea","2008","11","8","%"
"163","324","Guinea","2007","10","8","%"
"163","324","Guinea","2006","10","8","%"
"163","324","Guinea","2005","10","8","%"
"163","328","Guyana","2009","7.19999980926514","","%"
"163","340","Honduras","2015","36.9000015258789","","%"
"163","340","Honduras","2014","39.0999984741211","","%"
"163","340","Honduras","2013","36.5699996948242","","%"
"163","340","Honduras","2012","36.9000015258789","","%"
"163","340","Honduras","2011","36.2200012207031","","%"
"163","340","Honduras","2010","35.2999992370605","","%"
"163","340","Honduras","2009","35.5699996948242","","%"
"163","340","Honduras","2008","34.6399993896484","","%"
"163","340","Honduras","2007","33","","%"
"163","340","Honduras","2006","31.6700000762939","","%"
"163","340","Honduras","2005","28.8999996185303","","%"
"163","340","Honduras","2004","32.2900009155273","","%"
"163","340","Honduras","1990","23.3999996185303","","%"
"163","348","Hungary","2015","78.7809982299805","2","%"
"163","348","Hungary","2014","76.8639984130859","2","%"
"163","348","Hungary","2013","75.0189971923828","2","%"
"163","348","Hungary","2012","74.015998840332","2","%"
"163","348","Hungary","2011","72.7080001831055","2","%"
"163","348","Hungary","2010","72.2979965209961","2","%"
"163","348","Hungary","2009","72","2","%"
"163","348","Hungary","2008","71","2","%"
"163","348","Hungary","2007","69.8000030517578","2","%"
"163","348","Hungary","2006","67.4000015258789","2","%"
"163","348","Hungary","2005","64.9000015258789","2","%"
"163","348","Hungary","2004","62.2000007629395","","%"
"163","348","Hungary","2003","59.0999984741211","","%"
"163","348","Hungary","2002","56","","%"
"163","348","Hungary","2001","53.4000015258789","","%"
"163","348","Hungary","2000","51","","%"
"163","348","Hungary","1999","49.0999984741211","2","%"
"163","348","Hungary","1998","47.5999984741211","2","%"
"163","348","Hungary","1997","46","2","%"
"163","348","Hungary","1996","44.9000015258789","2","%"
"163","348","Hungary","1995","44.2000007629395","2","%"
"163","348","Hungary","1994","43.5","2","%"
"163","348","Hungary","1993","42.7000007629395","2","%"
"163","348","Hungary","1992","35","2","%"
"163","348","Hungary","1990","42.9000015258789","2","%"
"163","352","Iceland","2010","91","2","%"
"163","352","Iceland","2008","92","","%"
"163","352","Iceland","2005","90","","%"
"163","352","Iceland","2004","89","","%"
"163","352","Iceland","2003","89","","%"
"163","352","Iceland","2002","89","","%"
"163","352","Iceland","2001","90","","%"
"163","352","Iceland","2000","90","","%"
"163","352","Iceland","1999","90","","%"
"163","352","Iceland","1998","90","","%"
"163","352","Iceland","1997","90","","%"
"163","352","Iceland","1996","90","","%"
"163","352","Iceland","1995","90","","%"
"163","352","Iceland","1994","90","","%"
"163","352","Iceland","1993","90","","%"
"163","352","Iceland","1992","90","","%"
"163","352","Iceland","1991","90","","%"
"163","352","Iceland","1990","90","","%"
"163","368","Iraq","2015","38.4000015258789","9","%"
"163","368","Iraq","2014","31.7999992370605","10","%"
"163","368","Iraq","2013","33.2999992370605","10","%"
"163","368","Iraq","2012","32.2000007629395","","%"
"163","368","Iraq","2011","27","","%"
"163","368","Iraq","2010","23.7999992370605","","%"
"163","368","Iraq","2009","27","","%"
"163","368","Iraq","2008","26","","%"
"163","368","Iraq","2005","25.7000007629395","","%"
"163","372","Ireland","2014","69","2","%"
"163","372","Ireland","2013","69","2","%"
"163","372","Ireland","2011","69","2","%"
"163","372","Ireland","2009","77","2","%"
"163","372","Ireland","2007","65","2","%"
"163","376","Israel","2015","99","","%"
"163","376","Israel","2014","98.9000015258789","","%"
"163","376","Israel","2013","98.8000030517578","","%"
"163","376","Israel","2012","98.5","","%"
"163","376","Israel","2011","98.1999969482422","2","%"
"163","376","Israel","2010","98.0999984741211","2","%"
"163","376","Israel","2009","98","2","%"
"163","376","Israel","2008","97.6999969482422","2","%"
"163","376","Israel","2007","97.5999984741211","2","%"
"163","376","Israel","2006","97.3000030517578","2","%"
"163","376","Israel","2005","97","2","%"
"163","376","Israel","2004","96.5","2","%"
"163","376","Israel","2003","96","2","%"
"163","376","Israel","2002","95.4000015258789","2","%"
"163","376","Israel","2001","95","2","%"
"163","376","Israel","2000","94.3000030517578","2","%"
"163","376","Israel","1995","91.1999969482422","2","%"
"163","376","Israel","1990","88.5","2","%"
"163","380","Italy","2009","94","2","%"
"163","392","Japan","2015","77.8000030517578","","%"
"163","392","Japan","2014","77.5999984741211","","%"
"163","392","Japan","2013","77","","%"
"163","392","Japan","2012","76.3000030517578","","%"
"163","392","Japan","2011","75.8000030517578","","%"
"163","392","Japan","2010","75.0999984741211","","%"
"163","392","Japan","2009","73.6999969482422","","%"
"163","392","Japan","2008","72.6999969482422","","%"
"163","392","Japan","2007","71.6999969482422","","%"
"163","392","Japan","2006","71","","%"
"163","392","Japan","2005","69.2564010620117","","%"
"163","392","Japan","2004","68.0697021484375","","%"
"163","392","Japan","2003","67","","%"
"163","392","Japan","2002","65","","%"
"163","392","Japan","2001","64","","%"
"163","392","Japan","2000","62","","%"
"163","392","Japan","1995","54","","%"
"163","392","Japan","1990","44","","%"
"163","400","Jordan","2015","62.0999984741211","","%"
"163","400","Jordan","2014","59.7000007629395","","%"
"163","400","Jordan","2013","59.7000007629395","","%"
"163","400","Jordan","2012","59.7000007629395","","%"
"163","400","Jordan","2011","67","","%"
"163","400","Jordan","2010","65","","%"
"163","400","Jordan","2009","63","","%"
"163","400","Jordan","2008","63","","%"
"163","400","Jordan","2007","62","","%"
"163","400","Jordan","2006","60","","%"
"163","400","Jordan","2005","59","","%"
"163","398","Kazakhstan","2015","57.0999984741211","","%"
"163","398","Kazakhstan","2014","62.7000007629395","","%"
"163","398","Kazakhstan","2013","59.5","","%"
"163","398","Kazakhstan","2012","59.5999984741211","","%"
"163","398","Kazakhstan","2011","60.2999992370605","","%"
"163","398","Kazakhstan","2010","51.5999984741211","","%"
"163","398","Kazakhstan","2009","51.5999984741211","","%"
"163","398","Kazakhstan","2008","52.2000007629395","","%"
"163","398","Kazakhstan","2007","45.5999984741211","","%"
"163","398","Kazakhstan","2006","54","","%"
"163","404","Kenya","2012","4.90000009536743","","%"
"163","404","Kenya","2011","4.90000009536743","","%"
"163","404","Kenya","2010","4.90000009536743","","%"
"163","404","Kenya","2009","4.90000009536743","","%"
"163","404","Kenya","2008","4.90000009536743","","%"
"163","404","Kenya","2007","4.90000009536743","","%"
"163","404","Kenya","2006","4.90000009536743","","%"
"163","404","Kenya","2005","4.90000009536743","","%"
"163","404","Kenya","2004","4.90000009536743","","%"
"163","404","Kenya","2003","4.90000009536743","","%"
"163","404","Kenya","2002","4.90000009536743","","%"
"163","404","Kenya","2001","4.90000009536743","","%"
"163","404","Kenya","2000","4.90000009536743","","%"
"163","404","Kenya","1999","4.90000009536743","","%"
"163","404","Kenya","1998","4.90000009536743","","%"
"163","404","Kenya","1997","4.90000009536743","","%"
"163","404","Kenya","1996","4.90000009536743","","%"
"163","404","Kenya","1995","4.90000009536743","","%"
"163","404","Kenya","1990","4.90000009536743","","%"
"163","414","Kuwait","2013","100","","%"
"163","414","Kuwait","2012","100","","%"
"163","414","Kuwait","2011","100","","%"
"163","414","Kuwait","2010","100","","%"
"163","414","Kuwait","2009","100","","%"
"163","414","Kuwait","2008","100","","%"
"163","414","Kuwait","2007","100","","%"
"163","414","Kuwait","2006","100","","%"
"163","414","Kuwait","2005","100","","%"
"163","414","Kuwait","2004","100","","%"
"163","414","Kuwait","2003","100","","%"
"163","414","Kuwait","2002","100","","%"
"163","414","Kuwait","2001","100","","%"
"163","414","Kuwait","2000","100","","%"
"163","417","Kyrgyzstan","2009","19.7999992370605","","%"
"163","417","Kyrgyzstan","1999","23.1000003814697","","%"
"163","428","Latvia","2013","71.0999984741211","","%"
"163","428","Latvia","2012","70.8000030517578","","%"
"163","428","Latvia","2011","67.8000030517578","","%"
"163","428","Latvia","2010","64.3000030517578","","%"
"163","428","Latvia","2009","66.5","","%"
"163","428","Latvia","2008","61.2999992370605","","%"
"163","428","Latvia","2007","64.0999984741211","","%"
"163","428","Latvia","2006","64.6999969482422","","%"
"163","428","Latvia","2005","65.5","","%"
"163","428","Latvia","2004","66.0999984741211","","%"
"163","428","Latvia","2003","70.1999969482422","","%"
"163","428","Latvia","2002","65.1999969482422","","%"
"163","422","Lebanon","2004","67.4000015258789","","%"
"163","438","Liechtenstein","2015","99.9000015258789","","%"
"163","440","Lithuania","2015","72.4509963989258","","%"
"163","440","Lithuania","2014","69.609001159668","","%"
"163","440","Lithuania","2013","67","","%"
"163","440","Lithuania","2012","67","","%"
"163","440","Lithuania","2009","71.4800033569336","","%"
"163","440","Lithuania","2008","70.3000030517578","","%"
"163","440","Lithuania","2003","69.8000030517578","","%"
"163","440","Lithuania","2002","68.3000030517578","","%"
"163","442","Luxembourg","2015","100","2","%"
"163","442","Luxembourg","2014","101","2","%"
"163","442","Luxembourg","2013","99","","%"
"163","442","Luxembourg","2012","99","","%"
"163","442","Luxembourg","2011","99","","%"
"163","442","Luxembourg","2010","97.0999984741211","","%"
"163","442","Luxembourg","2003","100","2","%"
"163","442","Luxembourg","1999","93","","%"
"163","442","Luxembourg","1995","87.5","","%"
"163","442","Luxembourg","1994","87.3000030517578","","%"
"163","462","Maldives","2012","100","","%"
"163","462","Maldives","2011","100","","%"
"163","462","Maldives","2010","100","","%"
"163","462","Maldives","2009","100","","%"
"163","462","Maldives","2008","100","","%"
"163","462","Maldives","2007","100","","%"
"163","462","Maldives","2006","100","","%"
"163","462","Maldives","2005","100","","%"
"163","462","Maldives","2004","100","","%"
"163","462","Maldives","2003","100","","%"
"163","462","Maldives","2002","100","","%"
"163","462","Maldives","2001","100","","%"
"163","462","Maldives","2000","100","","%"
"163","462","Maldives","1999","100","","%"
"163","466","Mali","2015","23.2000007629395","11","%"
"163","466","Mali","2013","23.1000003814697","11","%"
"163","466","Mali","2009","14","11","%"
"163","470","Malta","2015","98.620002746582","","%"
"163","470","Malta","2014","98.5800018310547","","%"
"163","470","Malta","2013","98.5400009155273","","%"
"163","470","Malta","2012","98.5","","%"
"163","470","Malta","2011","98.4599990844727","","%"
"163","470","Malta","2010","98.4300003051758","","%"
"163","470","Malta","2009","100","","%"
"163","470","Malta","2008","100","","%"
"163","470","Malta","2007","100","","%"
"163","470","Malta","2006","100","","%"
"163","470","Malta","2005","100","","%"
"163","470","Malta","2004","100","","%"
"163","470","Malta","2003","100","","%"
"163","470","Malta","2002","100","","%"
"163","470","Malta","2001","100","","%"
"163","470","Malta","2000","100","","%"
"163","584","Marshall Islands","2011","37.7999992370605","","%"
"163","584","Marshall Islands","2007","43.2999992370605","","%"
"163","474","Martinique","2004","48.2000007629395","","%"
"163","474","Martinique","2001","44.5200004577637","","%"
"163","480","Mauritius","2000","20","","%"
"163","480","Mauritius","1999","15","","%"
"163","480","Mauritius","1998","10","","%"
"163","480","Mauritius","1997","10","","%"
"163","480","Mauritius","1996","10","","%"
"163","480","Mauritius","1995","10","","%"
"163","480","Mauritius","1990","10","","%"
"163","484","Mexico","2010","70.5699996948242","2","%"
"163","484","Mexico","2005","67.5999984741211","2","%"
"163","484","Mexico","2000","59.2000007629395","2","%"
"163","484","Mexico","1995","57.4000015258789","","%"
"163","484","Mexico","1990","50.0999984741211","","%"
"163","492","Monaco","2015","100","","%"
"163","492","Monaco","2014","100","","%"
"163","492","Monaco","2013","100","","%"
"163","492","Monaco","2012","100","","%"
"163","492","Monaco","2011","100","","%"
"163","492","Monaco","2010","100","","%"
"163","492","Monaco","2009","100","","%"
"163","492","Monaco","2008","100","","%"
"163","492","Monaco","2007","100","","%"
"163","492","Monaco","2006","100","","%"
"163","492","Monaco","2005","100","","%"
"163","492","Monaco","2004","100","","%"
"163","492","Monaco","2003","100","","%"
"163","492","Monaco","2002","100","","%"
"163","492","Monaco","2001","100","","%"
"163","492","Monaco","2000","100","","%"
"163","492","Monaco","1999","100","","%"
"163","492","Monaco","1998","100","","%"
"163","492","Monaco","1997","100","","%"
"163","492","Monaco","1996","100","","%"
"163","492","Monaco","1995","100","","%"
"163","492","Monaco","1990","100","","%"
"163","499","Montenegro","2012","65.5","","%"
"163","499","Montenegro","2011","65.5","","%"
"163","499","Montenegro","2010","65","","%"
"163","499","Montenegro","2009","35","","%"
"163","504","Morocco","2015","74","","%"
"163","504","Morocco","2014","73","","%"
"163","504","Morocco","2013","72","","%"
"163","504","Morocco","2012","72","","%"
"163","528","Netherlands","2015","99.4000015258789","","%"
"163","528","Netherlands","2014","99.4000015258789","","%"
"163","528","Netherlands","2013","99.4000015258789","","%"
"163","528","Netherlands","2012","99.4000015258789","","%"
"163","528","Netherlands","2011","99.4000015258789","","%"
"163","528","Netherlands","2010","99.3000030517578","","%"
"163","528","Netherlands","2009","99","","%"
"163","528","Netherlands","2008","99.3000030517578","","%"
"163","528","Netherlands","2006","99.0999984741211","","%"
"163","528","Netherlands","2005","99","","%"
"163","528","Netherlands","2004","98.8000030517578","","%"
"163","528","Netherlands","2003","98.5999984741211","","%"
"163","528","Netherlands","2002","98.5","","%"
"163","528","Netherlands","2001","98.4000015258789","","%"
"163","528","Netherlands","2000","98.1999969482422","","%"
"163","528","Netherlands","1999","98","","%"
"163","528","Netherlands","1998","97.8000030517578","","%"
"163","528","Netherlands","1997","97.5999984741211","","%"
"163","528","Netherlands","1996","97.4000015258789","","%"
"163","528","Netherlands","1995","97.1999969482422","","%"
"163","528","Netherlands","1994","96.9000015258789","","%"
"163","528","Netherlands","1993","96.9000015258789","","%"
"163","528","Netherlands","1992","96.1999969482422","","%"
"163","528","Netherlands","1991","95.5","","%"
"163","528","Netherlands","1990","96","","%"
"163","578","Norway","2015","86.1999969482422","","%"
"163","578","Norway","2014","85.1999969482422","","%"
"163","578","Norway","2013","85.3000030517578","","%"
"163","578","Norway","2012","85.1999969482422","","%"
"163","578","Norway","2011","85","","%"
"163","578","Norway","2010","85.0999984741211","","%"
"163","578","Norway","2009","85.1999969482422","","%"
"163","578","Norway","2008","83.8000030517578","","%"
"163","578","Norway","2007","83.6999969482422","","%"
"163","578","Norway","2006","84.0999984741211","","%"
"163","578","Norway","2005","83.6999969482422","","%"
"163","578","Norway","2004","81","","%"
"163","578","Norway","2003","81.1999969482422","","%"
"163","578","Norway","2002","80.5","","%"
"163","578","Norway","2001","80.8000030517578","","%"
"163","578","Norway","2000","79.9000015258789","","%"
"163","578","Norway","1999","80","","%"
"163","578","Norway","1998","80","","%"
"163","578","Norway","1997","80","","%"
"163","578","Norway","1996","80","","%"
"163","578","Norway","1995","80","","%"
"163","578","Norway","1994","80","","%"
"163","578","Norway","1993","80","","%"
"163","578","Norway","1990","77","","%"
"163","591","Panama","2015","59","","%"
"163","591","Panama","2014","58","","%"
"163","591","Panama","2013","58","","%"
"163","591","Panama","2012","56","","%"
"163","591","Panama","2011","56","","%"
"163","591","Panama","2010","57","","%"
"163","591","Panama","2009","57","","%"
"163","591","Panama","2008","56","","%"
"163","591","Panama","2007","55","","%"
"163","591","Panama","2006","73","","%"
"163","591","Panama","2005","46","","%"
"163","600","Paraguay","2015","11.8800001144409","","%"
"163","600","Paraguay","2014","9.19999980926514","","%"
"163","600","Paraguay","2013","9.69999980926514","","%"
"163","600","Paraguay","2012","15.9670963287354","","%"
"163","600","Paraguay","2011","15.7394828796387","","%"
"163","600","Paraguay","2010","13.4033155441284","","%"
"163","600","Paraguay","2009","16","","%"
"163","600","Paraguay","2008","14.0293197631836","","%"
"163","600","Paraguay","2007","15.095175743103","","%"
"163","600","Paraguay","2006","14.0301532745361","","%"
"163","600","Paraguay","2005","13.501033782959","","%"
"163","600","Paraguay","2004","13.2241010665894","","%"
"163","600","Paraguay","2003","16.9567565917969","","%"
"163","600","Paraguay","2002","15.3000001907349","","%"
"163","600","Paraguay","2001","16.8999996185303","","%"
"163","600","Paraguay","1999","13.8000001907349","","%"
"163","600","Paraguay","1995","18.3999996185303","12","%"
"163","600","Paraguay","1990","36.5","13","%"
"163","604","Peru","2015","84.4000015258789","","%"
"163","604","Peru","2014","84.4000015258789","","%"
"163","604","Peru","2013","84.1999969482422","","%"
"163","604","Peru","2012","85","","%"
"163","604","Peru","2011","83.4000015258789","","%"
"163","604","Peru","2010","82.6999969482422","","%"
"163","604","Peru","2009","80.9000015258789","","%"
"163","604","Peru","2008","79.1999969482422","","%"
"163","604","Peru","2007","77.5999984741211","","%"
"163","604","Peru","2006","76.9000015258789","","%"
"163","604","Peru","2005","75.3000030517578","","%"
"163","604","Peru","2004","75","","%"
"163","604","Peru","2003","73.3000030517578","","%"
"163","616","Poland","2015","72.5999984741211","2","%"
"163","616","Poland","2014","71.4000015258789","2","%"
"163","616","Poland","2013","70.3000030517578","2","%"
"163","616","Poland","2012","68.6999969482422","2","%"
"163","616","Poland","2011","65.5999984741211","2","%"
"163","616","Poland","2010","64.5999984741211","2","%"
"163","616","Poland","2009","61.5","","%"
"163","616","Poland","2008","61","","%"
"163","616","Poland","2007","60.2999992370605","","%"
"163","616","Poland","2006","59.7999992370605","","%"
"163","616","Poland","2005","59.2000007629395","","%"
"163","616","Poland","2004","59","","%"
"163","616","Poland","2003","58.2000007629395","","%"
"163","616","Poland","2002","56.7000007629395","","%"
"163","616","Poland","2001","55.2999992370605","","%"
"163","616","Poland","2000","53.5999984741211","","%"
"163","616","Poland","1999","58.5999984741211","2","%"
"163","616","Poland","1998","56.5","2","%"
"163","616","Poland","1997","54.5","2","%"
"163","616","Poland","1996","53.4000015258789","2","%"
"163","616","Poland","1995","52","2","%"
"163","620","Portugal","2009","81.3000030517578","","%"
"163","620","Portugal","2008","78.1999969482422","","%"
"163","620","Portugal","2007","74","","%"
"163","620","Portugal","2006","76.6999969482422","","%"
"163","620","Portugal","2005","74","","%"
"163","620","Portugal","2003","74","","%"
"163","620","Portugal","2002","73","","%"
"163","410","Republic of Korea","2014","92.5400009155273","","%"
"163","410","Republic of Korea","2013","92.1100006103516","","%"
"163","410","Republic of Korea","2012","91.5999984741211","","%"
"163","410","Republic of Korea","2011","90.9000015258789","","%"
"163","410","Republic of Korea","2010","90.0999984741211","2","%"
"163","410","Republic of Korea","2009","89.4000015258789","2","%"
"163","410","Republic of Korea","2008","88.5999984741211","2","%"
"163","410","Republic of Korea","2007","87.0999984741211","2","%"
"163","410","Republic of Korea","2006","85.5","2","%"
"163","410","Republic of Korea","2005","83.5","2","%"
"163","410","Republic of Korea","2004","81.4000015258789","2","%"
"163","410","Republic of Korea","2003","78.8000030517578","2","%"
"163","410","Republic of Korea","2002","75.8000030517578","2","%"
"163","410","Republic of Korea","2001","73.1999969482422","2","%"
"163","410","Republic of Korea","2000","70.5","2","%"
"163","410","Republic of Korea","1999","68.4000015258789","2","%"
"163","410","Republic of Korea","1998","65.9000015258789","2","%"
"163","410","Republic of Korea","1997","60.9000015258789","2","%"
"163","410","Republic of Korea","1996","52.5999984741211","2","%"
"163","410","Republic of Korea","1995","45.2000007629395","2","%"
"163","410","Republic of Korea","1990","32.9000015258789","2","%"
"163","498","Republic of Moldova","2015","22.2000007629395","","%"
"163","498","Republic of Moldova","2014","22.5","","%"
"163","498","Republic of Moldova","2013","22.2000007629395","","%"
"163","498","Republic of Moldova","2012","21.3999996185303","","%"
"163","498","Republic of Moldova","2000","54","","%"
"163","498","Republic of Moldova","1999","53","","%"
"163","638","Réunion","2004","39.4000015258789","","%"
"163","638","Réunion","2001","33.5999984741211","","%"
"163","638","Réunion","1998","31.7000007629395","","%"
"163","642","Romania","2015","47.7999992370605","","%"
"163","642","Romania","2014","47.2000007629395","","%"
"163","642","Romania","2013","46.7000007629395","","%"
"163","642","Romania","2012","46.9000015258789","","%"
"163","642","Romania","2011","43.5","","%"
"163","642","Romania","2010","43.5","","%"
"163","642","Romania","2009","29.1000003814697","","%"
"163","642","Romania","2008","28.8999996185303","","%"
"163","642","Romania","2004","40.2000007629395","","%"
"163","659","Saint Kitts and Nevis","2012","0","","%"
"163","659","Saint Kitts and Nevis","2011","0","","%"
"163","659","Saint Kitts and Nevis","2010","0","","%"
"163","659","Saint Kitts and Nevis","2009","0","","%"
"163","659","Saint Kitts and Nevis","2008","0","","%"
"163","659","Saint Kitts and Nevis","2007","0","","%"
"163","659","Saint Kitts and Nevis","2006","0","","%"
"163","659","Saint Kitts and Nevis","2005","0","","%"
"163","659","Saint Kitts and Nevis","2004","0","","%"
"163","659","Saint Kitts and Nevis","2003","0","","%"
"163","659","Saint Kitts and Nevis","2002","0","","%"
"163","659","Saint Kitts and Nevis","2001","0","","%"
"163","682","Saudi Arabia","2013","100","","%"
"163","682","Saudi Arabia","2012","100","","%"
"163","682","Saudi Arabia","2011","100","","%"
"163","682","Saudi Arabia","2010","100","","%"
"163","682","Saudi Arabia","2009","98","","%"
"163","682","Saudi Arabia","2008","98","","%"
"163","682","Saudi Arabia","2007","98","","%"
"163","682","Saudi Arabia","2006","98","","%"
"163","682","Saudi Arabia","2005","98","","%"
"163","682","Saudi Arabia","2004","97","","%"
"163","682","Saudi Arabia","2003","97","","%"
"163","682","Saudi Arabia","2002","97","","%"
"163","682","Saudi Arabia","2001","97","","%"
"163","682","Saudi Arabia","2000","97","","%"
"163","686","Senegal","2002","23","14","%"
"163","688","Serbia","2015","58.6699981689453","","%"
"163","688","Serbia","2014","59.0099983215332","","%"
"163","688","Serbia","2013","57.75","","%"
"163","688","Serbia","2012","55.4900016784668","","%"
"163","688","Serbia","2011","53.0099983215332","","%"
"163","688","Serbia","2010","51.6100006103516","","%"
"163","688","Serbia","2009","51.0400009155273","","%"
"163","688","Serbia","2008","49.25","","%"
"163","688","Serbia","2007","45.7900009155273","","%"
"163","688","Serbia","2006","47.1599998474121","","%"
"163","688","Serbia","2005","46.5200004577637","","%"
"163","688","Serbia","2004","45.8499984741211","","%"
"163","688","Serbia","2003","43.9500007629395","","%"
"163","688","Serbia","2002","43.0900001525879","","%"
"163","688","Serbia","2001","41.9900016784668","","%"
"163","688","Serbia","2000","40.2400016784668","","%"
"163","702","Singapore","2015","100","","%"
"163","702","Singapore","2014","100","","%"
"163","702","Singapore","2013","100","","%"
"163","702","Singapore","2012","100","","%"
"163","702","Singapore","2011","100","","%"
"163","702","Singapore","2010","100","","%"
"163","702","Singapore","2009","100","","%"
"163","702","Singapore","2008","100","","%"
"163","702","Singapore","2007","100","","%"
"163","702","Singapore","2006","100","","%"
"163","702","Singapore","2005","100","","%"
"163","702","Singapore","2004","100","","%"
"163","702","Singapore","2003","100","","%"
"163","702","Singapore","2002","100","","%"
"163","702","Singapore","2001","100","","%"
"163","702","Singapore","2000","100","","%"
"163","702","Singapore","1999","100","","%"
"163","702","Singapore","1998","100","","%"
"163","702","Singapore","1997","100","","%"
"163","702","Singapore","1996","100","","%"
"163","702","Singapore","1995","100","","%"
"163","702","Singapore","1990","100","","%"
"163","703","Slovakia","2015","65.1999969482422","","%"
"163","703","Slovakia","2014","64.6999969482422","","%"
"163","703","Slovakia","2013","63.5999984741211","","%"
"163","703","Slovakia","2012","62.3899993896484","","%"
"163","703","Slovakia","2011","61.5999984741211","","%"
"163","703","Slovakia","2010","60.4000015258789","","%"
"163","703","Slovakia","2009","59.5","","%"
"163","703","Slovakia","2008","59.2999992370605","","%"
"163","703","Slovakia","2007","58.2000007629395","","%"
"163","703","Slovakia","2006","57","","%"
"163","703","Slovakia","2005","57.0999984741211","","%"
"163","703","Slovakia","2004","56.5","","%"
"163","703","Slovakia","2003","55.9000015258789","","%"
"163","703","Slovakia","2002","55.2999992370605","","%"
"163","703","Slovakia","2001","55.2000007629395","","%"
"163","703","Slovakia","2000","54.7000007629395","","%"
"163","705","Slovenia","2015","62.5999984741211","","%"
"163","705","Slovenia","2014","62.5","","%"
"163","705","Slovenia","2013","62.7000007629395","","%"
"163","705","Slovenia","2012","62.7000007629395","","%"
"163","705","Slovenia","2011","62.5999984741211","","%"
"163","705","Slovenia","2010","62.5999984741211","","%"
"163","705","Slovenia","2009","62.5999984741211","","%"
"163","705","Slovenia","2008","62.5999984741211","","%"
"163","705","Slovenia","2007","62.5999984741211","","%"
"163","705","Slovenia","2006","62.5999984741211","","%"
"163","705","Slovenia","2005","62.5999984741211","","%"
"163","705","Slovenia","2004","62.5999984741211","","%"
"163","705","Slovenia","2003","62.5999984741211","","%"
"163","705","Slovenia","2002","62.5999984741211","","%"
"163","705","Slovenia","2001","62.5999984741211","","%"
"163","705","Slovenia","2000","62.5999984741211","","%"
"163","710","South Africa","2011","57","15","%"
"163","710","South Africa","2007","60","","%"
"163","710","South Africa","2006","58","","%"
"163","710","South Africa","2005","57","","%"
"163","710","South Africa","2004","55","","%"
"163","710","South Africa","2003","53","","%"
"163","710","South Africa","2002","53","","%"
"163","710","South Africa","2001","51","","%"
"163","710","South Africa","2000","48","","%"
"163","710","South Africa","1999","47","","%"
"163","710","South Africa","1998","45","","%"
"163","710","South Africa","1997","43","","%"
"163","710","South Africa","1996","41","","%"
"163","710","South Africa","1995","41","","%"
"163","724","Spain","2014","97.1999969482422","","%"
"163","724","Spain","2012","99.0999984741211","","%"
"163","724","Spain","2010","98","","%"
"163","724","Spain","2008","92","","%"
"163","724","Spain","2006","94","","%"
"163","724","Spain","2002","100","","%"
"163","724","Spain","2000","91","","%"
"163","275","State of Palestine","2015","53.9000015258789","","%"
"163","275","State of Palestine","2013","55.2999992370605","","%"
"163","275","State of Palestine","2012","57.4000015258789","","%"
"163","275","State of Palestine","2011","55","","%"
"163","275","State of Palestine","2010","54.4000015258789","","%"
"163","275","State of Palestine","2009","52.0999984741211","","%"
"163","275","State of Palestine","2008","45.5","","%"
"163","275","State of Palestine","2006","45.2999992370605","","%"
"163","275","State of Palestine","2005","44.7000007629395","","%"
"163","275","State of Palestine","2004","42.9000015258789","","%"
"163","275","State of Palestine","2003","43.5999984741211","","%"
"163","275","State of Palestine","2002","45.7999992370605","","%"
"163","275","State of Palestine","2000","43.9000015258789","","%"
"163","275","State of Palestine","1999","39.2999992370605","","%"
"163","275","State of Palestine","1995","31.7000007629395","","%"
"163","752","Sweden","2014","87","","%"
"163","752","Sweden","2013","87","","%"
"163","752","Sweden","2012","87","","%"
"163","752","Sweden","2011","86","","%"
"163","752","Sweden","2010","86","","%"
"163","752","Sweden","2009","86","","%"
"163","752","Sweden","2008","86","","%"
"163","752","Sweden","2007","86","","%"
"163","752","Sweden","2006","86","","%"
"163","752","Sweden","2005","86","","%"
"163","752","Sweden","2004","86","2","%"
"163","752","Sweden","2003","86","2","%"
"163","752","Sweden","2002","85","2","%"
"163","752","Sweden","2000","86","2","%"
"163","756","Switzerland","2013","98.3000030517578","2","%"
"163","756","Switzerland","2010","99","2","%"
"163","756","Switzerland","2005","96.8000030517578","2","%"
"163","756","Switzerland","2002","96","","%"
"163","756","Switzerland","2001","96","","%"
"163","756","Switzerland","2000","95.4000015258789","","%"
"163","807","The former Yugoslav Republic of Macedonia","2000","49","","%"
"163","807","The former Yugoslav Republic of Macedonia","1999","49","","%"
"163","807","The former Yugoslav Republic of Macedonia","1995","45","","%"
"163","807","The former Yugoslav Republic of Macedonia","1990","43","","%"
"163","780","Trinidad and Tobago","2016","25.2000007629395","","%"
"163","780","Trinidad and Tobago","2007","25.2000007629395","","%"
"163","780","Trinidad and Tobago","2006","25.2000007629395","","%"
"163","780","Trinidad and Tobago","2005","20","","%"
"163","780","Trinidad and Tobago","2004","30","","%"
"163","780","Trinidad and Tobago","2003","20","","%"
"163","780","Trinidad and Tobago","2002","20","","%"
"163","780","Trinidad and Tobago","2001","20","","%"
"163","788","Tunisia","2014","58.25","","%"
"163","788","Tunisia","2010","57.3899993896484","","%"
"163","788","Tunisia","2009","56.8899993896484","","%"
"163","788","Tunisia","2008","55.9300003051758","","%"
"163","788","Tunisia","2007","55.2599983215332","","%"
"163","788","Tunisia","2006","54.6699981689453","","%"
"163","788","Tunisia","2005","53.9000015258789","","%"
"163","788","Tunisia","2004","52.5999984741211","","%"
"163","788","Tunisia","2003","50.5","","%"
"163","788","Tunisia","2002","47.7000007629395","","%"
"163","788","Tunisia","2001","45","","%"
"163","788","Tunisia","2000","44.0999984741211","","%"
"163","788","Tunisia","1999","42.7000007629395","","%"
"163","788","Tunisia","1995","36.2000007629395","","%"
"163","788","Tunisia","1990","26.2999992370605","","%"
"163","792","Turkey","2014","87.0299987792969","","%"
"163","792","Turkey","2012","83.8000030517578","","%"
"163","792","Turkey","2010","78.8000030517578","","%"
"163","792","Turkey","2009","73.4000015258789","","%"
"163","792","Turkey","2008","73.1999969482422","","%"
"163","792","Turkey","2007","71.0999984741211","","%"
"163","792","Turkey","2006","71.6999969482422","","%"
"163","792","Turkey","2005","68.8000030517578","","%"
"163","792","Turkey","2004","68.0999984741211","","%"
"163","792","Turkey","2003","66.6999969482422","","%"
"163","792","Turkey","2002","65.4000015258789","","%"
"163","792","Turkey","2001","63.5","","%"
"163","792","Turkey","2000","63.0999984741211","","%"
"163","800","Uganda","2009","6","16","%"
"163","800","Uganda","2008","6","16","%"
"163","800","Uganda","2007","6","16","%"
"163","800","Uganda","2006","7","16","%"
"163","800","Uganda","2005","8","16","%"
"163","800","Uganda","2004","8","16","%"
"163","800","Uganda","2003","9","16","%"
"163","800","Uganda","2002","10","16","%"
"163","800","Uganda","2001","10","16","%"
"163","784","United Arab Emirates","2007","78.3000030517578","17","%"
"163","826","United Kingdom of Great Britain and Northern Ireland","2010","97.3000030517578","","%"
"163","826","United Kingdom of Great Britain and Northern Ireland","2009","97","","%"
"163","826","United Kingdom of Great Britain and Northern Ireland","2008","97.3000030517578","","%"
"163","840","United States of America","2012","75.4000015258789","","%"
"163","840","United States of America","2008","73.6999969482422","","%"
"163","840","United States of America","2004","74.9000015258789","","%"
"163","840","United States of America","2002","75.4000015258789","","%"
"163","840","United States of America","2000","75.4000015258789","2","%"
"163","840","United States of America","1996","71.8000030517578","","%"
"163","840","United States of America","1992","70","","%"
"163","860","Uzbekistan","2015","36.5","18","%"
"163","860","Uzbekistan","2014","37.7999992370605","18","%"
"163","860","Uzbekistan","2013","37.7999992370605","18","%"
"163","860","Uzbekistan","2012","37.5999984741211","18","%"
"163","860","Uzbekistan","2011","37.7999992370605","18","%"
"163","860","Uzbekistan","2010","36.9000015258789","18","%"
"163","860","Uzbekistan","2009","35.0999984741211","18","%"
"163","860","Uzbekistan","2008","33.0999984741211","18","%"
"163","860","Uzbekistan","2007","31.5","18","%"
"163","860","Uzbekistan","2006","31.2999992370605","18","%"
"163","860","Uzbekistan","2005","31","18","%"
"163","860","Uzbekistan","2004","30.6000003814697","18","%"
"163","862","Venezuela (Bolivarian Republic of)","2009","86","","%"
"163","862","Venezuela (Bolivarian Republic of)","2008","85.5","","%"
"163","862","Venezuela (Bolivarian Republic of)","2007","83.3000030517578","","%"
"163","862","Venezuela (Bolivarian Republic of)","2006","82.5999984741211","","%"
"163","862","Venezuela (Bolivarian Republic of)","2005","81.1999969482422","","%"
"163","862","Venezuela (Bolivarian Republic of)","2004","75.9000015258789","","%"
"163","862","Venezuela (Bolivarian Republic of)","2003","74.6999969482422","","%"
"163","862","Venezuela (Bolivarian Republic of)","2002","73.6999969482422","","%"
"163","862","Venezuela (Bolivarian Republic of)","2001","71.3000030517578","","%"
"163","862","Venezuela (Bolivarian Republic of)","2000","70.0999984741211","","%"
"163","887","Yemen","2013","37.0999984741211","19","%"
"163","887","Yemen","2012","37.0999984741211","19","%"
"163","887","Yemen","2011","36","19","%"
"163","887","Yemen","2010","35.7999992370605","19","%"
"163","887","Yemen","2009","34.7000007629395","19","%"
"163","887","Yemen","2008","34.9000015258789","19","%"
"163","887","Yemen","2007","33.2000007629395","19","%"
"163","887","Yemen","2006","31","19","%"
"163","887","Yemen","2005","29.6000003814697","19","%"
"163","887","Yemen","2004","27.2000007629395","19","%"
"163","887","Yemen","2003","27","19","%"
"163","887","Yemen","2002","26.6000003814697","19","%"
"163","887","Yemen","2001","24.5","19","%"
"163","887","Yemen","2000","24.2999992370605","19","%"
"163","887","Yemen","1999","23.7000007629395","19","%"

"fnSeqID","Footnote"
"1","Information provided by Dhaka Water Supply and Sewerage Authority(DWASA);  Only Dhaka City is considered."
"2","Estimate."
"3","The information corresponds to the households surveyed with access to sewerage."
"4","Data refers to years 2003-2004, since continuing Household survey took place during that period."
"5","Estimations made by Agency for Statistics of Bosnia and Herzegovina."
"6","Refers to the population whose toilet or latrine is connected to the sewage system. In Cape Verde, sewage systems are connected to sewage treatment plants or collective septic tanks."
"7","Break."
"8","The values relate only to the population of Conakry. There are no statistics for the cities in the interior of the country. However, we can state that almost everyone is served by either septic tanks or latrines in the cities. In rural areas, latrines exist in all large villages (more than 500 inhabitants). In the city of Conakry, despite the weakness of the single system of purification, the entire population is served by septic tanks or by family latrines."
"9","The reason for the high percentage of employees is the result of the integration of workers with wastewater networks with those employed by the shared water network (wastewater and rain)."
"10","Iraq's Environmental Statistics Report for the Years 2013-2014 Data Source Ministry of Municipalities and Public Works and Municipality of Baghdad (low percentage of people connected to wastewater collection network in 2014 due to the success of sewage projects due to the security situation and the reduction of the state budget with the increase in the population)."
"11","Population connected to a wastewater treatment system = number of connected urban households x 100 / total number of urban households."
"12","Source: Permanent Household Survey. Urban area."
"13","Metropolitan area of Asuncion."
"14","Data available for this section relate primarily to the connections, to the discharge of wastewater into the ocean, to treatment plants and to the length of the sewerage network. Regarding the connections, the vast majority of the population lacks access to the network. Among the population of cities that have a sewerage system, only 23% are connected."
"15","Available data as of 31 March; end of the financial year for the Department of Water Affairs and Sanitation."
"16","Data refer to population served by the National Water and Sewerage Corporation (NWSC).  The NWSC only provides service in larger towns and cities."
"17","The ratio represents the number of housing units according to the Household Income and Expenditures Survey for the year 2007-2008."
"18","The level of provision of apartments (houses) with sewerage."
"19","This is the proportion of inhabitants connected to the national wastewater collection system (the sanitation and sewerage system) in urban areas only, not in the country as a whole."
